Legislation Number,URL,Congress,Bill Text Type,Bill Text Type Code,Latest Title,HTML Url,PDF Url
H.R. 8900,https://www.congress.gov,116,Public Law,PL,"Further Continuing Appropriations Act, 2021, and Other Extensions Act",,https://www.congress.gov/116/plaws/publ215/PLAW-116publ215.pdf
H.R. 8472,https://www.congress.gov,116,Public Law,PL,Impact Aid Coronavirus Relief Act,,https://www.congress.gov/116/plaws/publ211/PLAW-116publ211.pdf
H.R. 8337,https://www.congress.gov,116,Public Law,PL,"Continuing Appropriations Act, 2021 and Other Extensions Act",,https://www.congress.gov/116/plaws/publ159/PLAW-116publ159.pdf
H.R. 8276,https://www.congress.gov,116,Public Law,PL,To authorize the President to posthumously award the Medal of Honor to Alwyn C. Cashe for acts of valor during Operation Iraqi Freedom.,,https://www.congress.gov/116/plaws/publ210/PLAW-116publ210.pdf
H.R. 8247,https://www.congress.gov,116,Public Law,PL,Veterans COMPACT Act of 2020,,https://www.congress.gov
H.R. 7440,https://www.congress.gov,116,Public Law,PL,Hong Kong Autonomy Act,,https://www.congress.gov/116/plaws/publ149/PLAW-116publ149.pdf
H.R. 7010,https://www.congress.gov,116,Public Law,PL,Paycheck Protection Program Flexibility Act of 2020,,https://www.congress.gov/116/plaws/publ142/PLAW-116publ142.pdf
H.R. 6322,https://www.congress.gov,116,Public Law,PL,Student Veteran Coronavirus Response Act of 2020,,https://www.congress.gov/116/plaws/publ140/PLAW-116publ140.pdf
H.R. 6201,https://www.congress.gov,116,Public Law,PL,Families First Coronavirus Response Act,,https://www.congress.gov/116/plaws/publ127/PLAW-116publ127.pdf
H.R. 6168,https://www.congress.gov,116,Public Law,PL,Veterans' Compensation Cost-of-Living Adjustment Act of 2020,,https://www.congress.gov/116/plaws/publ178/PLAW-116publ178.pdf
H.R. 6074,https://www.congress.gov,116,Public Law,PL,"Coronavirus Preparedness and Response Supplemental Appropriations Act, 2020",,https://www.congress.gov/116/plaws/publ123/PLAW-116publ123.pdf
H.R. 5954,https://www.congress.gov,116,Public Law,PL,"To designate the facility of the United States Postal Service located at 108 West Maple Street in Holly, Michigan, as the ""Holly Veterans Memorial Post Office"".",,https://www.congress.gov
H.R. 5901,https://www.congress.gov,116,Public Law,PL,Information Technology Modernization Centers of Excellence Program Act,,https://www.congress.gov/116/plaws/publ194/PLAW-116publ194.pdf
H.R. 5671,https://www.congress.gov,116,Public Law,PL,Merchant Mariners of World War II Congressional Gold Medal Act of 2020,,https://www.congress.gov/116/plaws/publ125/PLAW-116publ125.pdf
H.R. 5430,https://www.congress.gov,116,Public Law,PL,United States-Mexico-Canada Agreement Implementation Act,,https://www.congress.gov/116/plaws/publ113/PLAW-116publ113.pdf
H.R. 5384,https://www.congress.gov,116,Public Law,PL,"To designate the facility of the United States Postal Service located at 100 Crosby Street in Mansfield, Louisiana, as the ""Dr. C.O. Simpkins, Sr., Post Office"".",,https://www.congress.gov/116/plaws/publ204/PLAW-116publ204.pdf
H.R. 5363,https://www.congress.gov,116,Public Law,PL,FUTURE Act,,https://www.congress.gov/116/plaws/publ91/PLAW-116publ91.pdf
H.R. 5317,https://www.congress.gov,116,Public Law,PL,"To designate the facility of the United States Postal Service located at 315 Addicks Howell Road in Houston, Texas, as the ""Deputy Sandeep Singh Dhaliwal Post Office Building"".",,https://www.congress.gov
H.R. 5307,https://www.congress.gov,116,Public Law,PL,"To designate the facility of the United States Postal Service located at 115 Nicol Avenue in Thomasville, Alabama, as the ""Postmaster Robert Ingram Post Office"".",,https://www.congress.gov
H.R. 5277,https://www.congress.gov,116,Public Law,PL,"To amend section 442 of title 18, United States Code, to exempt certain interests in mutual funds, unit investment trusts, employee benefit plans, and retirement plans from conflict of interest limitations for the Government Publishing Office.",,https://www.congress.gov/116/plaws/publ78/PLAW-116publ78.pdf
H.R. 5214,https://www.congress.gov,116,Public Law,PL,Representative Payee Fraud Prevention Act of 2019,,https://www.congress.gov/116/plaws/publ126/PLAW-116publ126.pdf
H.R. 5062,https://www.congress.gov,116,Public Law,PL,"To designate the facility of the United States Postal Service located at 9930 Conroy Windermere Road in Windermere, Florida, as the ""Officer Robert German Post Office Building"".",,https://www.congress.gov
H.R. 5037,https://www.congress.gov,116,Public Law,PL,"To designate the facility of the United States Postal Service located at 3703 North Main Street in Farmville, North Carolina, as the ""Walter B. Jones, Jr. Post Office"".",,https://www.congress.gov/116/plaws/publ203/PLAW-116publ203.pdf
H.R. 4998,https://www.congress.gov,116,Public Law,PL,Secure and Trusted Communications Networks Act of 2019,,https://www.congress.gov/116/plaws/publ124/PLAW-116publ124.pdf
H.R. 4981,https://www.congress.gov,116,Public Law,PL,"To designate the facility of the United States Postal Service located at 2505 Derita Avenue in Charlotte, North Carolina, as the ""Julius L. Chambers Civil Rights Memorial Post Office"".",,https://www.congress.gov/116/plaws/publ202/PLAW-116publ202.pdf
H.R. 4975,https://www.congress.gov,116,Public Law,PL,"To designate the facility of the United States Postal Service located at 1201 Sycamore Square Drive in Midlothian, Virginia, as the ""Dorothy Braden Bruce Post Office Building"".",,https://www.congress.gov
H.R. 4971,https://www.congress.gov,116,Public Law,PL,"To designate the facility of the United States Postal Service located at 15 East Market Street in Leesburg, Virginia, as the ""Norman Duncan Post Office Building"".",,https://www.congress.gov
H.R. 4920,https://www.congress.gov,116,Public Law,PL,Department of Veterans Affairs Contracting Preference Consistency Act of 2020,,https://www.congress.gov/116/plaws/publ155/PLAW-116publ155.pdf
H.R. 4875,https://www.congress.gov,116,Public Law,PL,"To designate the facility of the United States Postal Service located at 2201 E. Maple Street in North Canton, Ohio, as the ""Lance Cpl. Stacy 'Annie' Dryden Post Office"".",,https://www.congress.gov
H.R. 4803,https://www.congress.gov,116,Public Law,PL,Citizenship for Children of Military Members and Civil Servants Act,,https://www.congress.gov/116/plaws/publ133/PLAW-116publ133.pdf
H.R. 4794,https://www.congress.gov,116,Public Law,PL,"To designate the facility of the United States Postal Service located at 8320 13th Avenue in Brooklyn, New York, as the ""Mother Frances Xavier Cabrini Post Office Building"".",,https://www.congress.gov/116/plaws/publ201/PLAW-116publ201.pdf
H.R. 4785,https://www.congress.gov,116,Public Law,PL,"To designate the facility of the United States Postal Service located at 1305 U.S. Highway 90 West in Castroville, Texas, as the ""Lance Corporal Rhonald Dain Rairdan Post Office"".",,https://www.congress.gov
H.R. 4779,https://www.congress.gov,116,Public Law,PL,"To extend the Undertaking Spam, Spyware, And Fraud Enforcement With Enforcers beyond Borders Act of 2006, and for other purposes.",,https://www.congress.gov/116/plaws/publ173/PLAW-116publ173.pdf
H.R. 4771,https://www.congress.gov,116,Public Law,PL,VA Tele-Hearing Modernization Act,,https://www.congress.gov/116/plaws/publ137/PLAW-116publ137.pdf
H.R. 4734,https://www.congress.gov,116,Public Law,PL,"To designate the facility of the United States Postal Service located at 171 South Maple Street in Dana, Indiana, as the ""Ernest 'Ernie' T. Pyle Post Office"".",,https://www.congress.gov/116/plaws/publ200/PLAW-116publ200.pdf
H.R. 4725,https://www.congress.gov,116,Public Law,PL,"To designate the facility of the United States Postal Service located at 8585 Criterion Drive in Colorado Springs, Colorado, as the ""Chaplain (Capt.) Dale Goetz Memorial Post Office Building"".",,https://www.congress.gov
H.R. 4672,https://www.congress.gov,116,Public Law,PL,"To designate the facility of the United States Postal Service located at 21701 Stevens Creek Boulevard in Cupertino, California, as the ""Petty Officer 2nd Class (SEAL) Matthew G. Axelson Post Office Building"".",,https://www.congress.gov
H.R. 4566,https://www.congress.gov,116,Public Law,PL,Virginia Beach Strong Act,,https://www.congress.gov/116/plaws/publ98/PLAW-116publ98.pdf
H.R. 4378,https://www.congress.gov,116,Public Law,PL,"Continuing Appropriations Act, 2020, and Health Extenders Act of 2019",,https://www.congress.gov/116/plaws/publ59/PLAW-116publ59.pdf
H.R. 4334,https://www.congress.gov,116,Public Law,PL,Supporting Older Americans Act of 2020,,https://www.congress.gov/116/plaws/publ131/PLAW-116publ131.pdf
H.R. 4285,https://www.congress.gov,116,Public Law,PL,Department of Veterans Affairs Expiring Authorities Act of 2019,,https://www.congress.gov/116/plaws/publ61/PLAW-116publ61.pdf
H.R. 4279,https://www.congress.gov,116,Public Law,PL,"To designate the facility of the United States Postal Service located at 445 Main Street in Laceyville, Pennsylvania, as the ""Melinda Gene Piccotti Post Office"".",,https://www.congress.gov
H.R. 4258,https://www.congress.gov,116,Public Law,PL,Reauthorizing Security for Supreme Court Justices Act of 2019,,https://www.congress.gov/116/plaws/publ75/PLAW-116publ75.pdf
H.R. 4200,https://www.congress.gov,116,Public Law,PL,"To designate the facility of the United States Postal Service located at 321 South 1st Street in Montrose, Colorado, as the ""Sergeant David Kinterknecht Post Office"".",,https://www.congress.gov
H.R. 4183,https://www.congress.gov,116,Public Law,PL,Identifying Barriers and Best Practices Study Act,,https://www.congress.gov/116/plaws/publ187/PLAW-116publ187.pdf
H.R. 4104,https://www.congress.gov,116,Public Law,PL,Negro Leagues Baseball Centennial Commemorative Coin Act,,https://www.congress.gov/116/plaws/publ209/PLAW-116publ209.pdf
H.R. 4034,https://www.congress.gov,116,Public Law,PL,"To designate the facility of the United States Postal Service located at 602 Pacific Avenue in Bremerton, Washington, as the ""John Henry Turpin Post Office Building"".",,https://www.congress.gov
H.R. 3889,https://www.congress.gov,116,Public Law,PL,ONDCP Technical Corrections Act of 2019,,https://www.congress.gov/116/plaws/publ74/PLAW-116publ74.pdf
H.R. 3877,https://www.congress.gov,116,Public Law,PL,Bipartisan Budget Act of 2019,,https://www.congress.gov/116/plaws/publ37/PLAW-116publ37.pdf
H.R. 3870,https://www.congress.gov,116,Public Law,PL,"To designate the facility of the United States Postal Service located at 511 West 165th Street in New York, New York, as the ""Normandia Maldonado Post Office Building"".",,https://www.congress.gov
H.R. 3847,https://www.congress.gov,116,Public Law,PL,"To designate the facility of the United States Postal Service located at 117 West Poythress Street in Hopewell, Virginia, as the ""Reverend Curtis West Harris Post Office Building"".",,https://www.congress.gov
H.R. 3680,https://www.congress.gov,116,Public Law,PL,"To designate the facility of the United States Postal Service located at 415 North Main Street in Henning, Tennessee, as the ""Paula Croom Robinson and Judy Spray Memorial Post Office Building"".",,https://www.congress.gov
H.R. 3589,https://www.congress.gov,116,Public Law,PL,Greg LeMond Congressional Gold Medal Act,,https://www.congress.gov/116/plaws/publ208/PLAW-116publ208.pdf
H.R. 3504,https://www.congress.gov,116,Public Law,PL,Ryan Kules and Paul Benne Specially Adaptive Housing Improvement Act of 2019,,https://www.congress.gov/116/plaws/publ154/PLAW-116publ154.pdf
H.R. 3401,https://www.congress.gov,116,Public Law,PL,"Emergency Supplemental Appropriations for Humanitarian Assistance and Security at the Southern Border Act, 2019",,https://www.congress.gov/116/plaws/publ26/PLAW-116publ26.pdf
H.R. 3399,https://www.congress.gov,116,Public Law,PL,"To amend the Nutria Eradication and Control Act of 2003 to include California in the program, and for other purposes.",,https://www.congress.gov/116/plaws/publ186/PLAW-116publ186.pdf
H.R. 3349,https://www.congress.gov,116,Public Law,PL,Republic of Texas Legation Memorial Act,,https://www.congress.gov
H.R. 3329,https://www.congress.gov,116,Public Law,PL,"To designate the facility of the United States Postal Service located at 5186 Benito Street in Montclair, California, as the ""Paul Eaton Post Office Building"".",,https://www.congress.gov/116/plaws/publ199/PLAW-116publ199.pdf
H.R. 3317,https://www.congress.gov,116,Public Law,PL,"To permit the Scipio A. Jones Post Office in Little Rock, Arkansas, to accept and display a portrait of Scipio A. Jones, and for other purposes.",,https://www.congress.gov/116/plaws/publ198/PLAW-116publ198.pdf
H.R. 3314,https://www.congress.gov,116,Public Law,PL,"To designate the facility of the United States Postal Service located at 1750 McCulloch Boulevard North in Lake Havasu City, Arizona, as the ""Lake Havasu City Combat Veterans Memorial Post Office Building"".",,https://www.congress.gov/116/plaws/publ90/PLAW-116publ90.pdf
H.R. 3311,https://www.congress.gov,116,Public Law,PL,Small Business Reorganization Act of 2019,,https://www.congress.gov/116/plaws/publ54/PLAW-116publ54.pdf
H.R. 3305,https://www.congress.gov,116,Public Law,PL,"To designate the facility of the United States Postal Service located at 2509 George Mason Drive in Virginia Beach, Virginia, as the ""Ryan Keith Cox Post Office Building"".",,https://www.congress.gov/116/plaws/publ47/PLAW-116publ47.pdf
H.R. 3304,https://www.congress.gov,116,Public Law,PL,National Guard and Reservists Debt Relief Extension Act of 2019,,https://www.congress.gov/116/plaws/publ53/PLAW-116publ53.pdf
H.R. 3275,https://www.congress.gov,116,Public Law,PL,"To designate the facility of the United States Postal Service located at 340 Wetmore Avenue in Grand River, Ohio, as the ""Lance Corporal Andy 'Ace' Nowacki Post Office"".",,https://www.congress.gov
H.R. 3253,https://www.congress.gov,116,Public Law,PL,Sustaining Excellence in Medicaid Act of 2019,,https://www.congress.gov/116/plaws/publ39/PLAW-116publ39.pdf
H.R. 3245,https://www.congress.gov,116,Public Law,PL,Restore the Harmony Way Bridge Act,,https://www.congress.gov/116/plaws/publ56/PLAW-116publ56.pdf
H.R. 3207,https://www.congress.gov,116,Public Law,PL,"To designate the facility of the United States Postal Service located at 114 Mill Street in Hookstown, Pennsylvania, as the ""Staff Sergeant Dylan Elchin Post Office Building"".",,https://www.congress.gov/116/plaws/publ197/PLAW-116publ197.pdf
H.R. 3196,https://www.congress.gov,116,Public Law,PL,Vera C. Rubin Observatory Designation Act,,https://www.congress.gov/116/plaws/publ97/PLAW-116publ97.pdf
H.R. 3151,https://www.congress.gov,116,Public Law,PL,Taxpayer First Act,,https://www.congress.gov/116/plaws/publ25/PLAW-116publ25.pdf
H.R. 3144,https://www.congress.gov,116,Public Law,PL,"To designate the facility of the United States Postal Service located at 8520 Michigan Avenue in Whittier, California, as the ""Jose Ramos Post Office Building"".",,https://www.congress.gov/116/plaws/publ89/PLAW-116publ89.pdf
H.R. 3055,https://www.congress.gov,116,Public Law,PL,"Further Continuing Appropriations Act, 2020, and Further Health Extenders Act of 2019",,https://www.congress.gov/116/plaws/publ69/PLAW-116publ69.pdf
H.R. 3005,https://www.congress.gov,116,Public Law,PL,"To designate the facility of the United States Postal Service located at 13308 Midland Road in Poway, California, as the ""Ray Chavez Post Office Building"".",,https://www.congress.gov
H.R. 2969,https://www.congress.gov,116,Public Law,PL,"To designate the facility of the United States Postal Service located at 1401 1st Street North in Winter Haven, Florida, as the ""Althea Margaret Daily Mills Post Office Building"".",,https://www.congress.gov
H.R. 2940,https://www.congress.gov,116,Public Law,PL,"To extend the program of block grants to States for temporary assistance for needy families and related programs through September 30, 2019.",,https://www.congress.gov/116/plaws/publ27/PLAW-116publ27.pdf
H.R. 2938,https://www.congress.gov,116,Public Law,PL,HAVEN Act,,https://www.congress.gov/116/plaws/publ52/PLAW-116publ52.pdf
H.R. 2695,https://www.congress.gov,116,Public Law,PL,"To rename the Success Dam in Tulare County, California, as the Richard L. Schafer Dam.",,https://www.congress.gov/116/plaws/publ41/PLAW-116publ41.pdf
H.R. 2476,https://www.congress.gov,116,Public Law,PL,Securing American Nonprofit Organizations Against Terrorism Act of 2019,,https://www.congress.gov/116/plaws/publ108/PLAW-116publ108.pdf
H.R. 2454,https://www.congress.gov,116,Public Law,PL,"To designate the facility of the United States Postal Service located at 123 East Sharpfish Street in Rosebud, South Dakota, as the ""Ben Reifel Post Office Building"".",,https://www.congress.gov
H.R. 2451,https://www.congress.gov,116,Public Law,PL,"To designate the facility of the United States Postal Service located at 575 Dexter Street in Central Falls, Rhode Island, as the ""Elizabeth Buffum Chace Post Office"".",,https://www.congress.gov/116/plaws/publ88/PLAW-116publ88.pdf
H.R. 2423,https://www.congress.gov,116,Public Law,PL,Women's Suffrage Centennial Commemorative Coin Act,,https://www.congress.gov/116/plaws/publ71/PLAW-116publ71.pdf
H.R. 2385,https://www.congress.gov,116,Public Law,PL,To permit the Secretary of Veterans Affairs to establish a grant program to conduct cemetery research and produce educational materials for the Veterans Legacy Program.,,https://www.congress.gov/116/plaws/publ107/PLAW-116publ107.pdf
H.R. 2379,https://www.congress.gov,116,Public Law,PL,To reauthorize the Bulletproof Vest Partnership Grant Program.,,https://www.congress.gov/116/plaws/publ18/PLAW-116publ18.pdf
H.R. 2372,https://www.congress.gov,116,Public Law,PL,Veterans' Care Quality Transparency Act,,https://www.congress.gov/116/plaws/publ177/PLAW-116publ177.pdf
H.R. 2359,https://www.congress.gov,116,Public Law,PL,Whole Veteran Act,,https://www.congress.gov/116/plaws/publ185/PLAW-116publ185.pdf
H.R. 2336,https://www.congress.gov,116,Public Law,PL,Family Farmer Relief Act of 2019,,https://www.congress.gov/116/plaws/publ51/PLAW-116publ51.pdf
H.R. 2334,https://www.congress.gov,116,Public Law,PL,"To designate the Department of Veterans Affairs community-based outpatient clinic in Odessa, Texas, as the ""Wilson and Young Medal of Honor VA Clinic"".",,https://www.congress.gov/116/plaws/publ87/PLAW-116publ87.pdf
H.R. 2333,https://www.congress.gov,116,Public Law,PL,Support for Suicide Prevention Coordinators Act,,https://www.congress.gov/116/plaws/publ96/PLAW-116publ96.pdf
H.R. 2325,https://www.congress.gov,116,Public Law,PL,"To designate the facility of the United States Postal Service located at 100 Calle Alondra in San Juan, Puerto Rico, as the ""65th Infantry Regiment Post Office Building"".",,https://www.congress.gov/116/plaws/publ86/PLAW-116publ86.pdf
H.R. 2246,https://www.congress.gov,116,Public Law,PL,"To designate the facility of the United States Postal Service located at 201 West Cherokee Street in Brookhaven, Mississippi, as the ""Deputy Donald William Durr, Corporal Zach Moak, and Patrolman James White Memorial Post Office Building"".",,https://www.congress.gov
H.R. 2196,https://www.congress.gov,116,Public Law,PL,"To amend title 38, United States Code, to reduce the credit hour requirement for the Edith Nourse Rogers STEM Scholarship program of the Department of Veterans Affairs.",,https://www.congress.gov/116/plaws/publ36/PLAW-116publ36.pdf
H.R. 2157,https://www.congress.gov,116,Public Law,PL,"Additional Supplemental Appropriations for Disaster Relief Act, 2019",,https://www.congress.gov/116/plaws/publ20/PLAW-116publ20.pdf
H.R. 2151,https://www.congress.gov,116,Public Law,PL,"To designate the facility of the United States Postal Service located at 7722 South Main Street in Pine Plains, New York, as the ""Senior Chief Petty Officer Shannon M. Kent Post Office"".",,https://www.congress.gov/116/plaws/publ85/PLAW-116publ85.pdf
H.R. 2030,https://www.congress.gov,116,Public Law,PL,Colorado River Drought Contingency Plan Authorization Act,,https://www.congress.gov/116/plaws/publ14/PLAW-116publ14.pdf
H.R. 1972,https://www.congress.gov,116,Public Law,PL,"To designate the facility of the United States Postal Service located at 1100 West Kent Avenue in Missoula, Montana, as the ""Jeannette Rankin Post Office Building"".",,https://www.congress.gov/116/plaws/publ84/PLAW-116publ84.pdf
H.R. 1957,https://www.congress.gov,116,Public Law,PL,Great American Outdoors Act,,https://www.congress.gov/116/plaws/publ152/PLAW-116publ152.pdf
H.R. 1952,https://www.congress.gov,116,Public Law,PL,Intercountry Adoption Information Act of 2019,,https://www.congress.gov/116/plaws/publ184/PLAW-116publ184.pdf
H.R. 1865,https://www.congress.gov,116,Public Law,PL,"Further Consolidated Appropriations Act, 2020",,https://www.congress.gov/116/plaws/publ94/PLAW-116publ94.pdf
H.R. 1844,https://www.congress.gov,116,Public Law,PL,"To designate the facility of the United States Postal Service located at 66 Grove Court in Elgin, Illinois, as the ""Corporal Alex Martinez Memorial Post Office Building"".",,https://www.congress.gov/116/plaws/publ83/PLAW-116publ83.pdf
H.R. 1839,https://www.congress.gov,116,Public Law,PL,Medicaid Services Investment and Accountability Act of 2019,,https://www.congress.gov/116/plaws/publ16/PLAW-116publ16.pdf
H.R. 1833,https://www.congress.gov,116,Public Law,PL,"To designate the facility of the United States Postal Service located at 35 Tulip Avenue in Floral Park, New York, as the ""Lieutenant Michael R. Davidson Post Office Building"".",,https://www.congress.gov/116/plaws/publ196/PLAW-116publ196.pdf
H.R. 1830,https://www.congress.gov,116,Public Law,PL,National Purple Heart Hall of Honor Commemorative Coin Act,,https://www.congress.gov
H.R. 1812,https://www.congress.gov,116,Public Law,PL,Vet Center Eligibility Expansion Act,,https://www.congress.gov/116/plaws/publ176/PLAW-116publ176.pdf
H.R. 1773,https://www.congress.gov,116,Public Law,PL,Rosie the Riveter Congressional Gold Medal Act of 2019,,https://www.congress.gov/116/plaws/publ195/PLAW-116publ195.pdf
H.R. 1668,https://www.congress.gov,116,Public Law,PL,IoT Cybersecurity Improvement Act of 2020,,https://www.congress.gov/116/plaws/publ207/PLAW-116publ207.pdf
H.R. 1590,https://www.congress.gov,116,Public Law,PL,Terrorist and Foreign Fighter Travel Exercise Act of 2019,,https://www.congress.gov/116/plaws/publ64/PLAW-116publ64.pdf
H.R. 1569,https://www.congress.gov,116,Public Law,PL,"To amend title 28, United States Code, to add Flagstaff and Yuma to the list of locations in which court shall be held in the judicial district for the State of Arizona.",,https://www.congress.gov/116/plaws/publ40/PLAW-116publ40.pdf
H.R. 1526,https://www.congress.gov,116,Public Law,PL,"To designate the facility of the United States Postal Service located at 200 Israel Road Southeast in Tumwater, Washington, as the ""Eva G. Hewitt Post Office"".",,https://www.congress.gov/116/plaws/publ82/PLAW-116publ82.pdf
H.R. 1520,https://www.congress.gov,116,Public Law,PL,"Further Extension of Continuing Appropriations Act, 2021",,https://www.congress.gov
H.R. 1449,https://www.congress.gov,116,Public Law,PL,"To designate the facility of the United States Postal Service located at 3033 203rd Street in Olympia Fields, Illinois, as the ""Captain Robert L. Martin Post Office"".",,https://www.congress.gov/116/plaws/publ46/PLAW-116publ46.pdf
H.R. 1424,https://www.congress.gov,116,Public Law,PL,Fallen Warrior Battlefield Cross Memorial Act,,https://www.congress.gov/116/plaws/publ106/PLAW-116publ106.pdf
H.R. 1396,https://www.congress.gov,116,Public Law,PL,Hidden Figures Congressional Gold Medal Act,,https://www.congress.gov/116/plaws/publ68/PLAW-116publ68.pdf
H.R. 1365,https://www.congress.gov,116,Public Law,PL,To make technical corrections to the Guam World War II Loyalty Recognition Act.,,https://www.congress.gov/116/plaws/publ132/PLAW-116publ132.pdf
H.R. 1327,https://www.congress.gov,116,Public Law,PL,"Never Forget the Heroes: James Zadroga, Ray Pfeifer, and Luis Alvarez Permanent Authorization of the September 11th Victim Compensation Fund Act",,https://www.congress.gov/116/plaws/publ34/PLAW-116publ34.pdf
H.R. 1253,https://www.congress.gov,116,Public Law,PL,"To designate the facility of the United States Postal Service located at 13507 Van Nuys Boulevard in Pacoima, California, as the ""Ritchie Valens Post Office Building"".",,https://www.congress.gov/116/plaws/publ81/PLAW-116publ81.pdf
H.R. 1252,https://www.congress.gov,116,Public Law,PL,"To designate the facility of the United States Postal Service located at 6531 Van Nuys Boulevard in Van Nuys, California, as the ""Marilyn Monroe Post Office"".",,https://www.congress.gov/116/plaws/publ80/PLAW-116publ80.pdf
H.R. 1250,https://www.congress.gov,116,Public Law,PL,"To designate the facility of the United States Postal Service located at 11158 Highway 146 North in Hardin, Texas, as the ""Lucas Lowe Memorial Post Office"".",,https://www.congress.gov/116/plaws/publ55/PLAW-116publ55.pdf
H.R. 1222,https://www.congress.gov,116,Public Law,PL,Target Practice and Marksmanship Training Support Act,,https://www.congress.gov/116/plaws/publ17/PLAW-116publ17.pdf
H.R. 1200,https://www.congress.gov,116,Public Law,PL,Veterans' Compensation Cost-of-Living Adjustment Act of 2019,,https://www.congress.gov/116/plaws/publ58/PLAW-116publ58.pdf
H.R. 1198,https://www.congress.gov,116,Public Law,PL,"To designate the facility of the United States Postal Service located at 404 South Boulder Highway in Henderson, Nevada, as the ""Henderson Veterans Memorial Post Office Building"".",,https://www.congress.gov/116/plaws/publ45/PLAW-116publ45.pdf
H.R. 1158,https://www.congress.gov,116,Public Law,PL,"Consolidated Appropriations Act, 2020",,https://www.congress.gov/116/plaws/publ93/PLAW-116publ93.pdf
H.R. 1138,https://www.congress.gov,116,Public Law,PL,"To reauthorize the West Valley demonstration project, and for other purposes.",,https://www.congress.gov/116/plaws/publ95/PLAW-116publ95.pdf
H.R. 1123,https://www.congress.gov,116,Public Law,PL,Divisional Realignment for the Eastern District of Arkansas Act of 2019,,https://www.congress.gov/116/plaws/publ73/PLAW-116publ73.pdf
H.R. 1079,https://www.congress.gov,116,Public Law,PL,Creating Advanced Streamlined Electronic Services for Constituents Act of 2019,,https://www.congress.gov/116/plaws/publ50/PLAW-116publ50.pdf
H.R. 1058,https://www.congress.gov,116,Public Law,PL,"Autism Collaboration, Accountability, Research, Education, and Support Act of 2019",,https://www.congress.gov/116/plaws/publ60/PLAW-116publ60.pdf
H.R. 991,https://www.congress.gov,116,Public Law,PL,Extension of the Caribbean Basin Economic Recovery Act,,https://www.congress.gov/116/plaws/publ164/PLAW-116publ164.pdf
H.R. 943,https://www.congress.gov,116,Public Law,PL,Never Again Education Act,,https://www.congress.gov/116/plaws/publ141/PLAW-116publ141.pdf
H.R. 887,https://www.congress.gov,116,Public Law,PL,"To designate the facility of the United States Postal Service located at 877 East 1200 South in Orem, Utah, as the ""Jerry C. Washburn Post Office Building"".",,https://www.congress.gov/116/plaws/publ79/PLAW-116publ79.pdf
H.R. 886,https://www.congress.gov,116,Public Law,PL,Veteran Treatment Court Coordination Act of 2019,,https://www.congress.gov/116/plaws/publ153/PLAW-116publ153.pdf
H.R. 866,https://www.congress.gov,116,Public Law,PL,Fairness For Breastfeeding Mothers Act of 2019,,https://www.congress.gov/116/plaws/publ30/PLAW-116publ30.pdf
H.R. 835,https://www.congress.gov,116,Public Law,PL,Rodchenkov Anti-Doping Act of 2019,,https://www.congress.gov/116/plaws/publ206/PLAW-116publ206.pdf
H.R. 831,https://www.congress.gov,116,Public Law,PL,Reviving America's Scenic Byways Act of 2019,,https://www.congress.gov/116/plaws/publ57/PLAW-116publ57.pdf
H.R. 829,https://www.congress.gov,116,Public Law,PL,"To designate the facility of the United States Postal Service located at 1450 Montauk Highway in Mastic, New York, as the ""Army Specialist Thomas J. Wilwerth Post Office Building"".",,https://www.congress.gov/116/plaws/publ44/PLAW-116publ44.pdf
H.R. 828,https://www.congress.gov,116,Public Law,PL,"To designate the facility of the United States Postal Service located at 25 Route 111 in Smithtown, New York, as the ""Congressman Bill Carney Post Office"".",,https://www.congress.gov/116/plaws/publ43/PLAW-116publ43.pdf
H.R. 777,https://www.congress.gov,116,Public Law,PL,Debbie Smith Reauthorization Act of 2019,,https://www.congress.gov/116/plaws/publ104/PLAW-116publ104.pdf
H.R. 776,https://www.congress.gov,116,Public Law,PL,Emergency Medical Services for Children Program Reauthorization Act of 2019,,https://www.congress.gov/116/plaws/publ49/PLAW-116publ49.pdf
H.R. 748,https://www.congress.gov,116,Public Law,PL,CARES Act,,https://www.congress.gov/116/plaws/publ136/PLAW-116publ136.pdf
H.R. 724,https://www.congress.gov,116,Public Law,PL,Preventing Animal Cruelty and Torture Act,,https://www.congress.gov/116/plaws/publ72/PLAW-116publ72.pdf
H.R. 639,https://www.congress.gov,116,Public Law,PL,To amend section 327 of the Robert T. Stafford Disaster Relief and Emergency Assistance Act to clarify that National Urban Search and Rescue Response System task forces may include Federal employees.,,https://www.congress.gov/116/plaws/publ48/PLAW-116publ48.pdf
H.R. 583,https://www.congress.gov,116,Public Law,PL,Preventing Illegal Radio Abuse Through Enforcement Act,,https://www.congress.gov/116/plaws/publ109/PLAW-116publ109.pdf
H.R. 561,https://www.congress.gov,116,Public Law,PL,Protecting Business Opportunities for Veterans Act of 2019,,https://www.congress.gov/116/plaws/publ183/PLAW-116publ183.pdf
H.R. 559,https://www.congress.gov,116,Public Law,PL,Northern Mariana Islands Long-Term Legal Residents Relief Act,,https://www.congress.gov/116/plaws/publ24/PLAW-116publ24.pdf
H.R. 540,https://www.congress.gov,116,Public Law,PL,"To designate the facility of the United States Postal Service located at 770 Ayrault Road in Fairport, New York, as the ""Louise and Bob Slaughter Post Office"".",,https://www.congress.gov/116/plaws/publ42/PLAW-116publ42.pdf
H.R. 504,https://www.congress.gov,116,Public Law,PL,DHS Field Engagement Accountability Act,,https://www.congress.gov/116/plaws/publ116/PLAW-116publ116.pdf
H.R. 473,https://www.congress.gov,116,Public Law,PL,"To authorize the Every Word We Utter Monument to establish a commemorative work in the District of Columbia and its environs, and for other purposes.",,https://www.congress.gov
H.R. 439,https://www.congress.gov,116,Public Law,PL,National FFA Organization's Federal Charter Amendments Act,,https://www.congress.gov/116/plaws/publ7/PLAW-116publ7.pdf
H.R. 434,https://www.congress.gov,116,Public Law,PL,Emancipation National Historic Trail Study Act,,https://www.congress.gov/116/plaws/publ111/PLAW-116publ111.pdf
H.R. 430,https://www.congress.gov,116,Public Law,PL,TANF Extension Act of 2019,,https://www.congress.gov/116/plaws/publ4/PLAW-116publ4.pdf
H.R. 299,https://www.congress.gov,116,Public Law,PL,Blue Water Navy Vietnam Veterans Act of 2019,,https://www.congress.gov/116/plaws/publ23/PLAW-116publ23.pdf
H.R. 276,https://www.congress.gov,116,Public Law,PL,Recognizing Achievement in Classified School Employees Act,,https://www.congress.gov/116/plaws/publ13/PLAW-116publ13.pdf
H.R. 266,https://www.congress.gov,116,Public Law,PL,Paycheck Protection Program and Health Care Enhancement Act,,https://www.congress.gov/116/plaws/publ139/PLAW-116publ139.pdf
H.R. 263,https://www.congress.gov,116,Public Law,PL,To rename the Oyster Bay National Wildlife Refuge as the Congressman Lester Wolff Oyster Bay National Wildlife Refuge.,,https://www.congress.gov/116/plaws/publ110/PLAW-116publ110.pdf
H.R. 259,https://www.congress.gov,116,Public Law,PL,Medicaid Extenders Act of 2019,,https://www.congress.gov/116/plaws/publ3/PLAW-116publ3.pdf
H.R. 251,https://www.congress.gov,116,Public Law,PL,Chemical Facility Anti-Terrorism Standards Program Extension Act,,https://www.congress.gov/116/plaws/publ2/PLAW-116publ2.pdf
H.R. 150,https://www.congress.gov,116,Public Law,PL,Grant Reporting Efficiency and Agreements Transparency Act of 2019,,https://www.congress.gov/116/plaws/publ103/PLAW-116publ103.pdf
H.J.Res. 110,https://www.congress.gov,116,Public Law,PL,"Extension of Continuing Appropriations Act, 2021",,https://www.congress.gov
H.J.Res. 107,https://www.congress.gov,116,Public Law,PL,"Further Additional Continuing Appropriations Act, 2021",,https://www.congress.gov
H.J.Res. 88,https://www.congress.gov,116,Public Law,PL,Providing for the appointment of Franklin D. Raines as a citizen regent of the Board of Regents of the Smithsonian Institution.,,https://www.congress.gov/116/plaws/publ163/PLAW-116publ163.pdf
H.J.Res. 87,https://www.congress.gov,116,Public Law,PL,Providing for the reappointment of Michael M. Lynton as a citizen regent of the Board of Regents of the Smithsonian Institution.,,https://www.congress.gov/116/plaws/publ162/PLAW-116publ162.pdf
H.J.Res. 80,https://www.congress.gov,116,Public Law,PL,"Approving the request of the Secretary of Veterans Affairs for a waiver under section 1703E(f) of title 38, United States Code.",,https://www.congress.gov/116/plaws/publ120/PLAW-116publ120.pdf
H.J.Res. 60,https://www.congress.gov,116,Public Law,PL,"Requesting the Secretary of the Interior to authorize unique and one-time arrangements for displays on the National Mall and the Washington Monument during the period beginning on July 16, 2019 and ending on July 20, 2019.",,https://www.congress.gov/116/plaws/publ28/PLAW-116publ28.pdf
H.J.Res. 31,https://www.congress.gov,116,Public Law,PL,"Consolidated Appropriations Act, 2019",,https://www.congress.gov/116/plaws/publ6/PLAW-116publ6.pdf
H.J.Res. 28,https://www.congress.gov,116,Public Law,PL,"Further Additional Continuing Appropriations Act, 2019",,https://www.congress.gov/116/plaws/publ5/PLAW-116publ5.pdf
S. 4902,https://www.congress.gov,116,Public Law,PL,"A bill to designate the United States courthouse located at 351 South West Temple in Salt Lake City, Utah, as the ""Orrin G. Hatch United States Courthouse"".",,https://www.congress.gov
S. 4762,https://www.congress.gov,116,Public Law,PL,"A bill to designate the airport traffic control tower located at Piedmont Triad International Airport in Greensboro, North Carolina, as the ""Senator Kay Hagan Airport Traffic Control Tower"".",,https://www.congress.gov/116/plaws/publ193/PLAW-116publ193.pdf
S. 4209,https://www.congress.gov,116,Public Law,PL,Protecting Nonprofits from Catastrophic Cash Flow Strain Act of 2020,,https://www.congress.gov/116/plaws/publ151/PLAW-116publ151.pdf
S. 4148,https://www.congress.gov,116,Public Law,PL,"A bill to extend the Chemical Facility Anti-Terrorism Standards Program of the Department of Homeland Security, and for other purposes.",,https://www.congress.gov/116/plaws/publ150/PLAW-116publ150.pdf
S. 4116,https://www.congress.gov,116,Public Law,PL,"A bill to extend the authority for commitments for the paycheck protection program and separate amounts authorized for other loans under section 7(a) of the Small Business Act, and for other purposes.",,https://www.congress.gov/116/plaws/publ147/PLAW-116publ147.pdf
S. 4091,https://www.congress.gov,116,Public Law,PL,Emergency Aid for Returning Americans Affected by Coronavirus Act,,https://www.congress.gov/116/plaws/publ148/PLAW-116publ148.pdf
S. 4075,https://www.congress.gov,116,Public Law,PL,RLF Act,,https://www.congress.gov/116/plaws/publ192/PLAW-116publ192.pdf
S. 4072,https://www.congress.gov,116,Public Law,PL,"A bill to designate the clinic of the Department of Veterans Affairs in Bend, Oregon, as the ""Robert D. Maxwell Department of Veterans Affairs Clinic"".",,https://www.congress.gov/116/plaws/publ169/PLAW-116publ169.pdf
S. 4054,https://www.congress.gov,116,Public Law,PL,United States Grain Standards Reauthorization Act of 2020,,https://www.congress.gov/116/plaws/publ216/PLAW-116publ216.pdf
S. 3758,https://www.congress.gov,116,Public Law,PL,A bill to amend the Klamath Basin Water Supply Enhancement Act of 2000 to make certain technical corrections.,,https://www.congress.gov/116/plaws/publ191/PLAW-116publ191.pdf
S. 3744,https://www.congress.gov,116,Public Law,PL,Uyghur Human Rights Policy Act of 2020,,https://www.congress.gov/116/plaws/publ145/PLAW-116publ145.pdf
S. 3703,https://www.congress.gov,116,Public Law,PL,Promoting Alzheimer's Awareness to Prevent Elder Abuse Act,,https://www.congress.gov
S. 3637,https://www.congress.gov,116,Public Law,PL,"A bill to amend the Servicemembers Civil Relief Act to extend lease protections for servicemembers under stop movement orders in response to a local, national, or global emergency, and for other purposes.",,https://www.congress.gov/116/plaws/publ158/PLAW-116publ158.pdf
S. 3607,https://www.congress.gov,116,Public Law,PL,Safeguarding America's First Responders Act of 2020,,https://www.congress.gov/116/plaws/publ157/PLAW-116publ157.pdf
S. 3587,https://www.congress.gov,116,Public Law,PL,Department of Veterans Affairs Website Accessibility Act of 2019,,https://www.congress.gov/116/plaws/publ213/PLAW-116publ213.pdf
S. 3503,https://www.congress.gov,116,Public Law,PL,"A bill to authorize the Secretary of Veterans Affairs to treat certain programs of education converted to distance learning by reason of emergencies and health-related situations in the same manner as programs of education pursued at educational institutions, and for other purposes.",,https://www.congress.gov/116/plaws/publ128/PLAW-116publ128.pdf
S. 3414,https://www.congress.gov,116,Public Law,PL,Major Medical Facility Authorization Act of 2020,,https://www.congress.gov/116/plaws/publ144/PLAW-116publ144.pdf
S. 3201,https://www.congress.gov,116,Public Law,PL,Temporary Reauthorization and Study of the Emergency Scheduling of Fentanyl Analogues Act,,https://www.congress.gov/116/plaws/publ114/PLAW-116publ114.pdf
S. 3147,https://www.congress.gov,116,Public Law,PL,Improving Safety and Security for Veterans Act of 2019,,https://www.congress.gov/116/plaws/publ212/PLAW-116publ212.pdf
S. 3105,https://www.congress.gov,116,Public Law,PL,"A bill to designate the facility of the United States Postal Service located at 456 North Meridian Street in Indianapolis, Indiana, as the ""Richard G. Lugar Post Office"".",,https://www.congress.gov/116/plaws/publ161/PLAW-116publ161.pdf
S. 3084,https://www.congress.gov,116,Public Law,PL,"A bill to amend title 38, United States Code, to modify the limitation on pay for certain high-level employees and officers of the Department of Veterans Affairs.",,https://www.congress.gov/116/plaws/publ146/PLAW-116publ146.pdf
S. 3051,https://www.congress.gov,116,Public Law,PL,America's Conservation Enhancement Act,,https://www.congress.gov/116/plaws/publ188/PLAW-116publ188.pdf
S. 2746,https://www.congress.gov,116,Public Law,PL,Law Enforcement Suicide Data Collection Act,,https://www.congress.gov/116/plaws/publ143/PLAW-116publ143.pdf
S. 2710,https://www.congress.gov,116,Public Law,PL,A bill to prohibit the commercial export of covered munitions items to the Hong Kong Police Force.,,https://www.congress.gov/116/plaws/publ77/PLAW-116publ77.pdf
S. 2661,https://www.congress.gov,116,Public Law,PL,National Suicide Hotline Designation Act of 2020,,https://www.congress.gov/116/plaws/publ172/PLAW-116publ172.pdf
S. 2638,https://www.congress.gov,116,Public Law,PL,Friendly Airports for Mothers Improvement Act,,https://www.congress.gov/116/plaws/publ190/PLAW-116publ190.pdf
S. 2330,https://www.congress.gov,116,Public Law,PL,"Empowering Olympic, Paralympic, and Amateur Athletes Act of 2020",,https://www.congress.gov/116/plaws/publ189/PLAW-116publ189.pdf
S. 2249,https://www.congress.gov,116,Public Law,PL,A bill to allow the Deputy Administrator of the Federal Aviation Administration on the date of enactment of this Act to continue to serve as such Deputy Administrator.,,https://www.congress.gov/116/plaws/publ38/PLAW-116publ38.pdf
S. 2193,https://www.congress.gov,116,Public Law,PL,CHARGE Act,,https://www.congress.gov/116/plaws/publ160/PLAW-116publ160.pdf
S. 2163,https://www.congress.gov,116,Public Law,PL,Commission on the Social Status of Black Men and Boys Act,,https://www.congress.gov/116/plaws/publ156/PLAW-116publ156.pdf
S. 2107,https://www.congress.gov,116,Public Law,PL,Protecting America's Food and Agriculture Act of 2019,,https://www.congress.gov/116/plaws/publ122/PLAW-116publ122.pdf
S. 2047,https://www.congress.gov,116,Public Law,PL,"A bill to provide for a 2-week extension of the Medicaid community mental health services demonstration program, and for other purposes.",,https://www.congress.gov/116/plaws/publ29/PLAW-116publ29.pdf
S. 1982,https://www.congress.gov,116,Public Law,PL,Save Our Seas 2.0 Act,,https://www.congress.gov
S. 1838,https://www.congress.gov,116,Public Law,PL,Hong Kong Human Rights and Democracy Act of 2019,,https://www.congress.gov/116/plaws/publ76/PLAW-116publ76.pdf
S. 1822,https://www.congress.gov,116,Public Law,PL,Broadband DATA Act,,https://www.congress.gov/116/plaws/publ130/PLAW-116publ130.pdf
S. 1790,https://www.congress.gov,116,Public Law,PL,"National Defense Authorization Act 
for Fiscal Year 2020",,https://www.congress.gov/116/plaws/publ92/PLAW-116publ92.pdf
S. 1749,https://www.congress.gov,116,Public Law,PL,Protecting Affordable Mortgages for Veterans Act of 2019,,https://www.congress.gov/116/plaws/publ33/PLAW-116publ33.pdf
S. 1693,https://www.congress.gov,116,Public Law,PL,National Flood Insurance Program Extension Act of 2019,,https://www.congress.gov/116/plaws/publ19/PLAW-116publ19.pdf
S. 1689,https://www.congress.gov,116,Public Law,PL,"A bill to permit States to transfer certain funds from the clean water revolving fund of a State to the drinking water revolving fund of the State in certain circumstances, and for other purposes.",,https://www.congress.gov/116/plaws/publ63/PLAW-116publ63.pdf
S. 1678,https://www.congress.gov,116,Public Law,PL,Taiwan Allies International Protection and Enhancement Initiative (TAIPEI) Act of 2019,,https://www.congress.gov/116/plaws/publ135/PLAW-116publ135.pdf
S. 1646,https://www.congress.gov,116,Public Law,PL,"A bill to designate the community-based outpatient clinic of the Department of Veterans Affairs in St. Augustine, Florida, as the ""Leo C. Chase Jr. Department of Veterans Affairs Clinic"".",,https://www.congress.gov/116/plaws/publ168/PLAW-116publ168.pdf
S. 1436,https://www.congress.gov,116,Public Law,PL,A bill to make technical corrections to the computation of average pay under Public Law 110-279.,,https://www.congress.gov/116/plaws/publ21/PLAW-116publ21.pdf
S. 1380,https://www.congress.gov,116,Public Law,PL,Due Process Protections Act,,https://www.congress.gov/116/plaws/publ182/PLAW-116publ182.pdf
S. 1379,https://www.congress.gov,116,Public Law,PL,Pandemic and All-Hazards Preparedness and Advancing Innovation Act of 2019,,https://www.congress.gov/116/plaws/publ22/PLAW-116publ22.pdf
S. 1321,https://www.congress.gov,116,Public Law,PL,Defending the Integrity of Voting Systems Act,,https://www.congress.gov/116/plaws/publ179/PLAW-116publ179.pdf
S. 1196,https://www.congress.gov,116,Public Law,PL,"A bill to designate the facility of the United States Postal Service located at 1715 Linnerud Drive in Sun Prairie, Wisconsin, as the ""Fire Captain Cory Barr Post Office Building"".",,https://www.congress.gov/116/plaws/publ66/PLAW-116publ66.pdf
S. 1153,https://www.congress.gov,116,Public Law,PL,Stop Student Debt Relief Scams Act of 2019,,https://www.congress.gov
S. 1069,https://www.congress.gov,116,Public Law,PL,Digital Coast Act,,https://www.congress.gov
S. 998,https://www.congress.gov,116,Public Law,PL,Supporting and Treating Officers In Crisis Act of 2019,,https://www.congress.gov/116/plaws/publ32/PLAW-116publ32.pdf
S. 982,https://www.congress.gov,116,Public Law,PL,Not Invisible Act of 2019,,https://www.congress.gov/116/plaws/publ166/PLAW-116publ166.pdf
S. 945,https://www.congress.gov,116,Public Law,PL,Holding Foreign Companies Accountable Act,,https://www.congress.gov
S. 910,https://www.congress.gov,116,Public Law,PL,National Sea Grant College Program Amendments Act of 2020,,https://www.congress.gov
S. 893,https://www.congress.gov,116,Public Law,PL,Secure 5G and Beyond Act of 2020,,https://www.congress.gov/116/plaws/publ129/PLAW-116publ129.pdf
S. 881,https://www.congress.gov,116,Public Law,PL,PROSWIFT Act,,https://www.congress.gov/116/plaws/publ181/PLAW-116publ181.pdf
S. 863,https://www.congress.gov,116,Public Law,PL,"A bill to amend title 38, United States Code, to clarify the grade and pay of podiatrists of the Department of Veterans Affairs.",,https://www.congress.gov/116/plaws/publ12/PLAW-116publ12.pdf
S. 862,https://www.congress.gov,116,Public Law,PL,Rebuilding Small Businesses After Disasters Act,,https://www.congress.gov/116/plaws/publ70/PLAW-116publ70.pdf
S. 832,https://www.congress.gov,116,Public Law,PL,"A bill to nullify the Supplemental Treaty Between the United States of America and the Confederated Tribes and Bands of Indians of Middle Oregon, concluded on November 15, 1865.",,https://www.congress.gov/116/plaws/publ175/PLAW-116publ175.pdf
S. 785,https://www.congress.gov,116,Public Law,PL,Commander John Scott Hannon Veterans Mental Health Care Improvement Act of 2019,,https://www.congress.gov/116/plaws/publ171/PLAW-116publ171.pdf
S. 760,https://www.congress.gov,116,Public Law,PL,Support for Veterans in Effective Apprenticeships Act of 2019,,https://www.congress.gov/116/plaws/publ134/PLAW-116publ134.pdf
S. 744,https://www.congress.gov,116,Public Law,PL,Effective Prosecution of Possession of Biological Toxins and Agents Act of 2019,,https://www.congress.gov/116/plaws/publ31/PLAW-116publ31.pdf
S. 743,https://www.congress.gov,116,Public Law,PL,Merrill's Marauders Congressional Gold Medal Act,,https://www.congress.gov/116/plaws/publ170/PLAW-116publ170.pdf
S. 737,https://www.congress.gov,116,Public Law,PL,Building Blocks of STEM Act,,https://www.congress.gov/116/plaws/publ102/PLAW-116publ102.pdf
S. 725,https://www.congress.gov,116,Public Law,PL,A bill to change the address of the postal facility designated in honor of Captain Humayun Khan.,,https://www.congress.gov/116/plaws/publ15/PLAW-116publ15.pdf
S. 693,https://www.congress.gov,116,Public Law,PL,National POW/MIA Flag Act,,https://www.congress.gov/116/plaws/publ67/PLAW-116publ67.pdf
S. 578,https://www.congress.gov,116,Public Law,PL,ALS Disability Insurance Access Act of 2019,,https://www.congress.gov
S. 504,https://www.congress.gov,116,Public Law,PL,Let Everyone Get Involved in Opportunities for National Service Act,,https://www.congress.gov/116/plaws/publ35/PLAW-116publ35.pdf
S. 490,https://www.congress.gov,116,Public Law,PL,B-47 Ridge Designation Act,,https://www.congress.gov/116/plaws/publ167/PLAW-116publ167.pdf
S. 483,https://www.congress.gov,116,Public Law,PL,Pesticide Registration Improvement Extension Act of 2018,,https://www.congress.gov/116/plaws/publ8/PLAW-116publ8.pdf
S. 457,https://www.congress.gov,116,Public Law,PL,President George H.W. Bush and First Spouse Barbara Bush Coin Act,,https://www.congress.gov/116/plaws/publ112/PLAW-116publ112.pdf
S. 394,https://www.congress.gov,116,Public Law,PL,Presidential Transition Enhancement Act of 2019,,https://www.congress.gov/116/plaws/publ121/PLAW-116publ121.pdf
S. 375,https://www.congress.gov,116,Public Law,PL,Payment Integrity Information Act of 2019,,https://www.congress.gov/116/plaws/publ117/PLAW-116publ117.pdf
S. 327,https://www.congress.gov,116,Public Law,PL,Wounded Veterans Recreation Act,,https://www.congress.gov/116/plaws/publ205/PLAW-116publ205.pdf
S. 294,https://www.congress.gov,116,Public Law,PL,Native American Business Incubators Program Act,,https://www.congress.gov/116/plaws/publ174/PLAW-116publ174.pdf
S. 256,https://www.congress.gov,116,Public Law,PL,Esther Martinez Native American Languages Programs Reauthorization Act,,https://www.congress.gov/116/plaws/publ101/PLAW-116publ101.pdf
S. 252,https://www.congress.gov,116,Public Law,PL,A bill to authorize the honorary appointment of Robert J. Dole to the grade of colonel in the regular Army.,,https://www.congress.gov/116/plaws/publ11/PLAW-116publ11.pdf
S. 239,https://www.congress.gov,116,Public Law,PL,Christa McAuliffe Commemorative Coin Act of 2019,,https://www.congress.gov/116/plaws/publ65/PLAW-116publ65.pdf
S. 227,https://www.congress.gov,116,Public Law,PL,Savanna's Act,,https://www.congress.gov/116/plaws/publ165/PLAW-116publ165.pdf
S. 216,https://www.congress.gov,116,Public Law,PL,Spokane Tribe of Indians of the Spokane Reservation Equitable Compensation Act,,https://www.congress.gov/116/plaws/publ100/PLAW-116publ100.pdf
S. 209,https://www.congress.gov,116,Public Law,PL,PROGRESS for Indian Tribes Act,,https://www.congress.gov/116/plaws/publ180/PLAW-116publ180.pdf
S. 163,https://www.congress.gov,116,Public Law,PL,Alaska Remote Generator Reliability and Protection Act,,https://www.congress.gov/116/plaws/publ62/PLAW-116publ62.pdf
S. 153,https://www.congress.gov,116,Public Law,PL,Supporting Veterans in STEM Careers Act,,https://www.congress.gov/116/plaws/publ115/PLAW-116publ115.pdf
S. 151,https://www.congress.gov,116,Public Law,PL,Pallone-Thune TRACED Act,,https://www.congress.gov/116/plaws/publ105/PLAW-116publ105.pdf
S. 134,https://www.congress.gov,116,Public Law,PL,Combat Online Predators Act,,https://www.congress.gov
S. 50,https://www.congress.gov,116,Public Law,PL,Columbia River In-Lieu and Treaty Fishing Access Sites Improvement Act,,https://www.congress.gov/116/plaws/publ99/PLAW-116publ99.pdf
S. 49,https://www.congress.gov,116,Public Law,PL,"A bill to designate the outstation of the Department of Veterans Affairs in North Ogden, Utah, as the Major Brent Taylor Vet Center Outstation.",,https://www.congress.gov/116/plaws/publ10/PLAW-116publ10.pdf
S. 47,https://www.congress.gov,116,Public Law,PL,"John D. Dingell, Jr. Conservation, Management, and Recreation Act",,https://www.congress.gov/116/plaws/publ9/PLAW-116publ9.pdf
S. 24,https://www.congress.gov,116,Public Law,PL,Government Employee Fair Treatment Act of 2019,,https://www.congress.gov/116/plaws/publ1/PLAW-116publ1.pdf
S.J.Res. 67,https://www.congress.gov,116,Public Law,PL,A joint resolution providing for the reappointment of Risa Lavizzo-Mourey as a citizen regent of the Board of Regents of the Smithsonian Institution.,,https://www.congress.gov/116/plaws/publ119/PLAW-116publ119.pdf
S.J.Res. 66,https://www.congress.gov,116,Public Law,PL,A joint resolution providing for the appointment of Denise O'Leary as a citizen regent of the Board of Regents of the Smithsonian Institution.,,https://www.congress.gov/116/plaws/publ138/PLAW-116publ138.pdf
S.J.Res. 65,https://www.congress.gov,116,Public Law,PL,A joint resolution providing for the reappointment of John Fahey as a citizen regent of the Board of Regents of the Smithsonian Institution.,,https://www.congress.gov/116/plaws/publ118/PLAW-116publ118.pdf